Flow Size,Flow Duration,Destination Concentration,Label
520.8382807947553,72.00614287841523,0.9516394055253573,malicious
557.707212718054,45.02421841217563,0.6622382499245762,malicious
137.5966516343387,13.151963188022837,0.19044861186999157,benign
27.59578292513379,2.338236595294136,0.1760581271995798,benign
117.85077429825236,10.245488075642696,0.15847777967217175,benign
187.7670421221602,13.217522011929407,0.2584794996213887,benign
88.27064333124265,11.039465427693978,0.24089448290125146,benign
614.9273326285676,56.30906267805077,0.8253165238037982,malicious
91.93571441669954,13.32454845021255,0.1405294053566336,benign
690.9416640470131,51.732214255071995,0.8968184660532862,malicious
619.5046628924842,91.1112400462496,0.8091752484448373,malicious
680.0940432910816,57.730900745197324,0.742964863358632,malicious
666.5474444462577,74.25461387960364,0.9554160420714775,malicious
391.89366724001025,73.06945946185866,0.7960692712372369,malicious
399.83799901050844,65.27172311312374,0.7048081539977765,malicious
84.4866621703272,9.084325886935996,0.16913734067265385,benign
58.03912383886807,9.923337787025664,0.17618895632276704,benign
104.85387746740201,9.785196221757808,0.21633723823011602,benign
443.7533224105732,85.4257656064613,0.7253421653459762,malicious
209.52278129049893,6.560963820943936,0.2273559557587605,benign
551.7659020469123,46.089702987141386,0.5470439922305697,malicious
582.0482181197364,68.19426372005549,0.8141257140087463,malicious
527.1578837195374,57.59800806650039,0.7587002177856567,malicious
514.6713686433322,83.97970755757075,0.9724696649761109,malicious
19.62583827193862,9.54983323890242,0.20866708321852043,benign
133.48362744150194,8.045929318624513,0.213174360766553,benign
362.06807719854726,55.379485737213884,0.5912972981397931,malicious
131.417275463214,11.799786189988613,0.2424551055371572,benign
675.4794181984364,88.49822902342824,0.8023903043284956,malicious
495.228864385802,72.93590208574138,0.8288723662825024,malicious
416.9049883588962,82.16295121582893,0.667754204325643,malicious
65.99876392107547,8.083114756931494,0.2010443244147981,benign
438.8482197008052,62.843724248981154,0.838632331781156,malicious
517.0865438127942,45.96841946933107,0.9962587190530795,malicious
90.71705116680914,1.4543721381097736,0.19313141058003017,benign
124.59595857532528,7.966853890743682,0.1535244569903795,benign
477.90358261703363,50.37777607165572,0.6869796275326077,malicious
424.4617067646677,67.51641254909768,0.6848985916380493,malicious
112.52464251729383,7.025822951631079,0.19120727977839647,benign
76.04128810773551,12.315096131945033,0.24254489810839863,benign
58.550249453896384,7.995728639070854,0.2525973808861459,benign
600.6292809214441,42.451247464345684,0.6754282623553616,malicious
136.92332899977052,15.051783074373606,0.1652643434455471,benign
37.61084090175753,5.758856509285059,0.25962537562389876,benign
374.8460575809556,46.414015487060716,0.8466670981966081,malicious
89.0164056081244,8.954043596776422,0.20002639794282986,benign
437.5181422304321,61.050782446697724,0.8043514668643467,malicious
571.0959968203491,64.24931807319213,0.8756788679986982,malicious
73.47494261947362,6.412350813894447,0.2341664496405535,benign
413.6009230320184,74.32957812855766,0.9244679580736788,malicious
475.2822617479403,77.83370057211964,0.8072036861283746,malicious
100.26218498590916,13.557112463988991,0.17266599577063674,benign
510.64302276918966,59.656979065516765,0.6632862193539755,malicious
447.5479733720226,46.44447208904808,0.7670552213652909,malicious
519.6554776511574,73.45258973798298,0.7678757233882089,malicious
28.20689244102803,11.82741436272153,0.1756385717943224,benign
577.0865193886967,77.47109031685757,0.8996858773465808,malicious
504.7398671316414,36.07945399099807,0.7704910085762094,malicious
650.339830176715,70.87643680271995,0.7877291066404276,malicious
140.67586086848348,11.792200209549573,0.13804464621730497,benign
518.6766764477078,74.62796444673644,0.8241321934916781,malicious
611.7295831588127,80.61657139756227,0.9747363197915558,malicious
117.05759874083219,9.812220616301433,0.20758789961243704,benign
176.6369456501289,11.737874498803265,0.13236648570782328,benign
109.84306179345617,13.141294907836464,0.1115462047555441,benign
92.00307350182864,12.27746548090794,0.1317022144399733,benign
110.44317975023777,6.322703010992976,0.21962079835893836,benign
117.18091447842306,14.429621049177687,0.18360526417435413,benign
158.97200603606436,8.904035346063674,0.19582810151048197,benign
650.3992988582688,52.42837618157674,0.6767476685231492,malicious
173.76781084747762,4.594058687259941,0.2308502974788349,benign
53.65347642109585,11.674980737565168,0.2218369275866755,benign
46.45537509694439,12.754949818006939,0.19098041591187961,benign
429.9879185060827,63.588702961667245,0.7935811822891503,malicious
100.51165305097935,9.050774650915594,0.20170762087440125,benign
209.49014666088362,8.183153380789408,0.17932674194383622,benign
147.70008817466012,7.844778203292408,0.24411665311617048,benign
463.903383418092,68.80040702212912,0.6983316871423503,malicious
387.72779784377013,51.76912638388558,0.9476934426118275,malicious
576.0414656144297,66.10578430686803,0.8199810433718714,malicious
364.0143859020081,36.43685771897251,0.7583805595114747,malicious
172.06366445330576,13.273930361782806,0.21738382417691682,benign
31.116531602145443,10.146580210977113,0.15217818115909956,benign
4.335987767110112,7.932436545731297,0.15300484494455677,benign
223.1621056242643,11.487045663917813,0.14989062721092639,benign
142.81993971617362,5.997923515245387,0.22310863330409716,benign
154.9388425993595,12.453298897600861,0.2897605677956161,benign
55.0792664325821,11.37991642881735,0.10769060688809531,benign
423.6740843457483,54.416898358934205,0.8921801501977252,malicious
418.30643290127637,55.56779522956259,0.828732890440301,malicious
456.0268941725825,62.20189517978324,0.7364442158595597,malicious
145.8930973527388,12.500586884826774,0.2755577465123674,benign
652.9550319460614,47.3046501751369,0.8463184795267585,malicious
465.7312405919651,54.12362776434267,0.8260442263333556,malicious
64.0777889373782,5.899363904753737,0.2346739455956997,benign
144.97999377166252,12.757229448963306,0.2209199110444342,benign
592.6177547531641,71.67541614249957,0.8570612997219531,malicious
182.24838567506418,7.64530506075328,0.2151909297802438,benign
117.85562857558732,8.952226887044713,0.23006033744645576,benign
177.55759877612616,10.171039374691254,0.22757381376197616,benign
523.5614558108566,35.77302276141736,0.9464177238752438,malicious
605.3152853332904,48.72046002391771,0.7151571365809186,malicious
521.9150327663939,93.46950219288948,0.835845361820962,malicious
311.0459269054469,54.17222320366671,0.810575379127148,malicious
83.61689267011158,10.155837657421898,0.14305834411096155,benign
644.3764604073259,50.1935049202677,0.9521006227159381,malicious
763.2382064837391,80.60487817744436,0.7548340523840378,malicious
28.762590689327155,16.42681107583559,0.1345589800440444,benign
0.6215542699553538,12.55066522634048,0.17749053675742943,benign
102.9104359223,10.671742402193985,0.16792565454778452,benign
194.8396491326974,11.69172736015708,0.1371211070542692,benign
99.0743432003805,8.361266655242552,0.18153614303768986,benign
456.55037725676846,32.95290485616083,0.7904535752910927,malicious
494.9761890550863,57.095108110804226,0.8547264797377967,malicious
586.960592010566,50.310537313131974,0.7364637611174372,malicious
533.3662105286949,73.55902261629294,0.8058022734808395,malicious
627.1555094994159,53.52569530922928,0.7736551783917751,malicious
114.8060138532288,10.235905570948272,0.23352403086206064,benign
88.95152002333884,11.765735213261829,0.24436454186333711,benign
561.0585745283823,71.40083945534404,0.6957955587756898,malicious
62.18246273578483,10.674054177255657,0.172522143204571,benign
606.5480375065351,45.19230709273224,0.6072327420654391,malicious
371.9695601329106,64.62075809256153,0.8996570510579448,malicious
344.33708264760963,66.14727985392769,0.8249308595641729,malicious
401.0395179741419,53.29017156511873,0.9403369970125192,malicious
571.2998430172388,77.81519082692346,0.8316155957182779,malicious
146.56400595580993,7.985129896185845,0.15903710701392512,benign
71.209087967766,11.333808004660423,0.18953430902103194,benign
-3.3721050019938303,10.54306467611112,0.13538686524471907,benign
490.32868881296076,58.19428254069603,0.9532367724678117,malicious
116.5631715701782,11.630800463783297,0.21312806645009627,benign
58.638452822383854,10.550079759337468,0.22043264057403356,benign
141.35916245180118,9.157974769399678,0.3044769360847387,benign
12.063025678844284,9.169560100333237,0.18329613845100298,benign
76.44808471908387,12.848662406323971,0.09233285400643779,benign
133.10653372605233,9.542590490858368,0.16612176738321727,benign
74.30665413316532,13.714849214300907,0.16081171672068018,benign
103.37641023439619,9.926936223217051,0.26803292979193255,benign
372.0423033264299,57.46767415214984,0.8463288530118107,malicious
493.42497389270125,89.37521181330891,0.8985449685615219,malicious
516.6452208213057,62.397845879961004,0.8216775563762629,malicious
512.2009814645362,71.13191236607838,0.7195684240340008,malicious
122.19097140731142,7.884964432724773,0.06978930716864329,benign
519.8084760767855,44.90186152080538,0.8171839339793532,malicious
109.9529847786735,16.957988619945084,0.2339686641478252,benign
420.9525544554688,61.69905615806647,0.8704506539824723,malicious
427.42561868465344,63.57553474102178,0.7703392540930202,malicious
508.65897874729,58.49768885280071,0.6414016687762042,malicious
493.39202013526835,64.84751571277172,0.8555512646342249,malicious
635.5637858804951,48.0121199002462,0.6810333340909639,malicious
466.42153007098716,60.36329185009137,0.9809306349733111,malicious
117.08779878885797,13.905223868196394,0.18847996428971164,benign
434.7376020697609,62.92104292078162,0.9987275999230809,malicious
707.5400798645439,48.79182481278265,0.808568716140336,malicious
349.6857046881894,66.78557694374601,0.734791111140694,malicious
528.9774856896413,59.67949058477346,0.6986104047707462,malicious
459.19246269784486,55.780086643226795,0.759189916083978,malicious
107.68625529727639,11.657469863251443,0.20095738887078762,benign
292.660976759185,54.49763382277969,0.8582026567084727,malicious
446.02403196906386,65.50930970102011,0.7257515767461616,malicious
359.33389031517777,75.01569138850712,0.7795528779013879,malicious
548.1009231736713,53.60463605691685,0.8457280404615242,malicious
388.94241545341714,78.25737781238244,0.8349650047299694,malicious
512.8104414910789,68.90335083421293,0.6087745024580223,malicious
68.86502400897031,3.5413282211425514,0.2711184930849254,benign
74.08648908631763,16.23024395068252,0.0851909523431381,benign
116.20831762442211,8.171463393522151,0.17208491230269848,benign
59.585085732242426,15.478029140640809,0.21301402532914432,benign
520.29230208513,57.98536887794178,0.7468785705392402,malicious
96.3994939209833,6.115955572837283,0.07805914208617855,benign
230.31133570584285,57.192836024931765,0.7629491901409972,malicious
522.3787951638899,56.86167189383208,0.7332220443531114,malicious
420.31047445295235,67.03161384112536,0.8432959825360696,malicious
2.0164938060112263,5.606875359370539,0.17455181871462508,benign
124.12362076215926,5.288498189130469,0.2686424237338265,benign
474.0408648636395,58.805379131314275,0.7152366071380916,malicious
347.68130952162255,46.20923112620365,0.8252240396426678,malicious
408.1348053515802,63.49824196895253,0.7075534011870446,malicious
120.24908554804777,5.332313061389118,0.24608250559622297,benign
148.43224952664445,9.888333290470475,0.21502371798054143,benign
127.12800217929824,8.394294365318295,0.24687850688132792,benign
409.2436337958402,32.0019507439041,0.7745044206446302,malicious
73.48711908137795,11.696528936894632,0.234102603285631,benign
86.52965827777211,12.581420465079237,0.1988223924562881,benign
134.31300951872566,11.901330642796296,0.23720959857499685,benign
193.28872555723783,7.935548964466829,0.18124018098380315,benign
402.2444755201449,69.46217526832166,0.5780699627252466,malicious
154.4475298483683,9.610537900799722,0.2660652016136506,benign
618.9016531107552,73.78731260415002,0.8220541427013868,malicious
178.2321827907003,6.151023327434292,0.20986578537027978,benign
431.89483425251194,15.894170480035797,0.7931365953914532,malicious
66.15389998470206,11.482090558848217,0.16709417554623718,benign
56.21908733076214,13.072187577434388,0.23951859480258558,benign
502.6091050210834,77.42817453912286,0.8558139514518507,malicious
537.1145873371308,71.49120417577035,0.9021383295429399,malicious
28.88731452011629,12.79777249561927,0.2429793943489901,benign
94.26317792665505,9.389258919692915,0.2292206490236242,benign
445.31410587596076,58.22897209513382,0.7104930157723396,malicious
100.65009459389535,4.921129557413844,0.11961694864409707,benign
157.14114072575103,10.603297140144903,0.07188331706023449,benign
86.76715833810219,7.034226678547247,0.301180310961482,benign
389.347409125833,54.702505607839676,0.9030580585624057,malicious
427.2862824175131,50.82346363642072,0.774382024750462,malicious
456.7441812180379,47.95231573979483,0.8003375506597161,malicious
103.21400095477314,10.13143441593733,0.2709801502256819,benign
505.57249122886947,61.01783265791105,0.7556955978871518,malicious
151.54997612479755,8.349084538463739,0.13270645382633928,benign
59.57531985534062,11.14580635669466,0.17247315752542083,benign
444.4522880839745,86.62966338914268,0.8833333911780308,malicious
570.0309879408992,79.72371680376071,0.8622711223900269,malicious
62.31319178212552,12.560246676340924,0.22331791872231674,benign
123.67962153175908,11.36060290454194,0.2295907066870689,benign
50.47318374346558,10.907906395717099,0.14095935923455777,benign
455.381656678522,59.71936865331154,0.8911362722174723,malicious
110.6989955367111,7.448438637372099,0.1381168788836351,benign
252.83554998727107,50.966819094573296,1.0426716486345522,malicious
137.94846102466337,13.743226218021201,0.21329391148260243,benign
93.60412042596167,12.167144073483314,0.16970695896205534,benign
131.14249661737495,7.7296147342916175,0.2670230525895174,benign
608.0780725554622,38.13672750802604,0.7648078682183491,malicious
119.26586898644183,11.321424213881198,0.16690089111016956,benign
67.41998261970915,17.739128012962958,0.24462986691496547,benign
654.7505201330061,71.9023308082832,0.6897707850163577,malicious
150.17664489460122,13.482480362135558,0.1932860418906848,benign
-15.096058236779243,8.170651287041853,0.31819362473096807,benign
564.8709887589642,54.449834551768085,1.1926237706436327,malicious
87.37159243034199,10.508082472108233,0.2340108052725225,benign
443.59213692632716,61.46974730206343,0.7607528893939127,malicious
533.4456789987025,76.90057705241375,0.7113319077716543,malicious
329.74163957621596,55.452303257485866,0.7120185646497946,malicious
135.7000247046046,12.822313563964649,0.2766716850648163,benign
564.2722759867544,59.1765899907557,0.7175485838472326,malicious
491.7848821607431,51.065080589347616,0.7051083479175163,malicious
556.9767280232204,75.84085213599077,0.9135620147182945,malicious
542.5457561784965,39.305727528166045,0.9272353500106768,malicious
612.6565029547758,64.8869447487325,0.9519283923641769,malicious
132.38442690503462,10.178891109760523,0.16037900395000193,benign
387.0948228782771,59.63706590413626,0.7697954500510136,malicious
402.12362842176924,90.86243204567548,0.8211283692279473,malicious
59.20948575172809,10.843574271908128,0.19620244881787388,benign
48.780617933285505,7.237979220761901,0.14644731601754757,benign
63.481668414143165,8.3275246449765,0.1657685087119998,benign
592.4027019206901,67.70861774488372,0.8622069990306049,malicious
93.08678494144077,12.773901048738306,0.19277406646422413,benign
13.754108374348363,15.207891409495748,0.24147374209658745,benign
448.23887009638287,51.567479601325466,0.7063493625210404,malicious
527.0456825779838,42.87466328799742,0.8481866061718492,malicious
102.3490296882371,12.1568599319952,0.18641724448369734,benign
478.08994711911356,39.65127293064893,0.7949795382958256,malicious
618.8393273448085,47.911949002557165,0.7812670981593626,malicious
333.90390664840083,80.10675669034717,0.8181426620113972,malicious
359.15387036364405,76.64549762934334,0.9023709546106982,malicious
126.09707828084488,14.783515189674917,0.19483726199254764,benign
428.7154217322836,79.45491819841664,0.8463206292099124,malicious
105.78373171464294,10.805776836589772,0.21702946082002486,benign
490.0824136220617,54.85211586753884,0.7809496894002189,malicious
114.65362366493406,14.926045480409108,0.136991761741371,benign
446.9003044998182,66.40791542807527,0.7460877296851022,malicious
532.6927373764163,64.40336898249944,0.7700323351993213,malicious
64.2348145370016,12.891637350384729,0.1066730024319692,benign
99.3251387631033,11.197669367815838,0.22381788846781098,benign
490.4704467613048,32.984133987708915,0.8685507738790205,malicious
114.04959338675164,6.689900181478379,0.17012449026541793,benign
151.62326302755736,11.122169709542716,0.19939555260769729,benign
90.4830660958196,13.625098691779428,0.18601199157520829,benign
29.23146289747929,12.994030329578957,0.21882047630487583,benign
504.64365481561487,66.71575388715416,0.8750579167521766,malicious
508.2283989275424,56.83304641758458,0.8393797298216252,malicious
117.32241047484878,3.5398296591888556,0.28307350828640093,benign
642.0504247989854,75.00873477064468,0.9217959152305559,malicious
638.2158991037527,58.67455561191997,0.850826863967459,malicious
67.74401226974379,11.039511645192148,0.24631077011207964,benign
518.1866255058495,66.4322475049586,0.9096469233810884,malicious
352.1413754220158,48.981126348029264,0.8280636404490137,malicious
234.90301916069882,72.60930039756829,0.8552299937679524,malicious
163.34555745933113,15.01771716051311,0.24434436950486504,benign
59.088965838326374,9.788503665822727,0.2228886433075943,benign
24.031501702299323,13.683006977419875,0.13738032777934406,benign
397.348470058894,71.218653841763,0.8745005312877282,malicious
371.9570647503717,70.08860551804096,0.8144887833096892,malicious
115.7123666297637,8.548342497837035,0.09980688177966233,benign
6.636740370412596,10.929462130681083,0.16762290971824206,benign
498.3577103927248,34.74842711668575,0.8292192728326374,malicious
322.12797510957216,64.84618909674043,0.8897066196887132,malicious
167.81200142854115,6.640990316121568,0.1708620671194209,benign
154.15256215876386,10.366892509096852,0.2359878971074091,benign
131.20599085260775,6.370915771476677,0.23477688787828888,benign
123.69164604558938,16.757307416032926,0.1841142451621883,benign
448.9983601145253,44.854039429350934,0.5753110666015395,malicious
147.5211919093025,10.0960124471973,0.24450992055623935,benign
163.88324478942124,10.084543472107384,0.23033615295680915,benign
163.88384109492546,16.495007034703253,0.15412485894928682,benign
445.508091319105,27.409956809789456,0.8499864123740372,malicious
165.27394035771647,10.031057859530142,0.2332962126027231,benign
69.91466938853016,9.227870387729965,0.24035612983186552,benign
365.5549488965723,70.62321634884836,0.6296128413173281,malicious
451.2874616235304,53.201579260090874,0.7174589470021046,malicious
83.93070791735033,9.092590940535615,0.20248868435904802,benign
372.32514241796906,70.07010114675698,0.7073301691152689,malicious
564.5484181141076,42.091124904014166,0.7549987142004186,malicious
593.5678393147462,74.9746634722194,0.8095344199441309,malicious
192.6139092254469,4.994247778367232,0.15132269001477658,benign
494.57051334821875,74.78594993519795,0.6594432980821359,malicious
431.80157520022016,70.62455770801596,0.7787791030098848,malicious
727.0692857804396,60.92519774771957,0.9223568882418628,malicious
115.54537827990023,6.489660921821922,0.2529968192023311,benign
75.34995326705837,17.47899855229837,0.2489429025390898,benign
521.1017467202619,76.60621003930459,0.7181571334057999,malicious
40.10610537055758,12.019544053809875,0.22360011354596374,benign
509.61207769409833,49.37389849634306,0.8349800024567908,malicious
370.4921227936384,43.9870062861859,0.839792704994681,malicious
172.67670385786585,9.70498111961575,0.20923702894478624,benign
453.7724711294958,37.294284110807595,0.699594540315799,malicious
620.1213922163945,71.0526584563865,0.7104653677636976,malicious
61.34951080722668,7.345591857919297,0.26179058100034697,benign
128.8278481527883,9.637155554176655,0.18845668130776155,benign
103.42814874030137,11.265762262705854,0.2009808328846995,benign
457.98131829041426,58.521178015736076,0.8951449277058087,malicious
615.9329803364249,52.876445150662136,0.77559195263258,malicious
131.69595111590056,14.917350416332201,0.23653820595332625,benign
124.83570765056163,14.198066309758007,0.16624108625128092,benign
60.35635838688279,4.717711722532547,0.2743623077667964,benign
70.4214305582085,9.97264301006739,0.19084016906398063,benign
70.03124885231136,11.609958257581859,0.20884104360696992,benign
510.9394794604893,64.48129362548529,0.7265826201221505,malicious
484.19921014210104,50.346752515238066,0.8197292265631206,malicious
87.73059419985647,11.784263024995859,0.18829900704465094,benign
292.63657453273606,15.248730229560818,0.1999645702711677,benign
48.13769228367718,16.184510729909192,0.18605185348340958,benign
609.1506851922462,68.20100352302069,0.8625630933646001,malicious
461.5444455770175,52.009487405071326,0.8918454443942414,malicious
145.7701058851037,13.090850362095527,0.17459299011763446,benign
93.49284728161577,9.439086091043663,0.14499228835141525,benign
143.2877597085061,6.955729807921399,0.12178791941444744,benign
677.080063563551,57.36171281351495,0.8454740912141134,malicious
462.5179192450403,63.01739483809259,0.6464427876792894,malicious
491.02643057127733,68.33406699005172,0.9223083067095326,malicious
475.24813644484954,59.44444804427382,0.7758502554129222,malicious
481.3128355838641,52.75408422474841,0.7883234084204753,malicious
537.7211875064521,55.70993667179834,0.8214713183170527,malicious
476.10519531335905,49.247665190957925,0.8548883835317365,malicious
104.58803882677512,14.502279371902933,0.19302768621595004,benign
387.0293145342382,86.58377395004617,0.6741495089324666,malicious
657.9572145730713,43.64401383835731,0.924689171553472,malicious
109.32271573847139,8.339235274876016,0.15230302903016776,benign
109.16710028691759,13.11971406218823,0.1336976156958981,benign
158.15818760774798,6.723061705982263,0.1662145960419194,benign
533.8496407494414,63.008537958464146,0.8372105472606863,malicious
2.3956100238749087,6.006301139326666,0.22310304466259484,benign
141.12724560515946,8.550440613101879,0.253010495374944,benign
496.0444846143345,55.214190965000725,0.85731278132412,malicious
492.9834288541353,64.78761765628771,0.7543879172525813,malicious
442.31081304768514,16.916066800775262,0.805493411099985,malicious
142.88298116010097,11.624388184614364,0.23417846616002388,benign
434.81638921978407,53.00945247197637,0.7582633186394916,malicious
172.5571803897521,5.884296571205931,0.2080009112926394,benign
525.6029734313876,44.194763712804686,0.7664862218828549,malicious
528.9168643907818,78.98561761297051,0.7411133173261304,malicious
207.19720446626627,7.588976296090808,0.13944140353596096,benign
118.7849009172836,10.360093980154783,0.2619473176469719,benign
103.49010424950094,10.576147349470094,0.2333156250454606,benign
84.23653776798272,9.115150965123917,0.17649789261202492,benign
387.45109527016234,58.83244204480797,0.7993478684770542,malicious
587.1124703431692,23.636396095905873,0.7074575373940413,malicious
403.3023856870787,50.59924163115052,0.8732492102779803,malicious
454.7693680750923,76.86169079979021,0.926370667765467,malicious
178.96064077536957,12.685579660083196,0.20006027376811122,benign
98.9549203017926,11.60952953071121,0.29978337448919823,benign
110.17318179336115,8.801091443156192,0.1616671706108326,benign
547.8979825746392,66.54839706236501,0.7957176618688425,malicious
191.57293829271768,10.409605993248212,0.1674988032796551,benign
474.5022782579145,45.01046651557634,0.8848174212666668,malicious
475.42569359140555,44.0640970777968,0.6910366962657613,malicious
41.5660981190234,9.827143608899243,0.1502825312695744,benign
173.99720694450127,17.674597857004755,0.16551361129679132,benign
524.3800713771199,76.2867948740902,0.6360515837474566,malicious
143.61603183603393,7.99278178402025,0.18201156771054572,benign
570.9003757588512,69.67823378925085,0.6943442357239747,malicious
688.2024496475034,73.78843401862805,0.8083826627929361,malicious
127.35486905850189,13.257686697494734,0.22672528242402754,benign
24.24044689007239,9.597948499981246,0.1607006983682509,benign
98.26441151473783,17.210246755714827,0.18857000423299908,benign
116.20419846973975,8.123311895471412,0.24125491323338175,benign
38.456784178302236,12.103518226932696,0.126623736712378,benign
430.80919301187555,59.56105779472532,0.5008864029099277,malicious
85.56706805399308,11.17541201620764,0.20716942336711255,benign
512.9221181975228,107.8966135176729,0.8668340488718081,malicious
204.619363784273,11.459504931478605,0.2837246216673769,benign
657.7453279763474,67.51266712416685,0.875792184992362,malicious
116.13592801690447,5.563265293677613,0.11118823835508401,benign
135.5807439044445,13.984582425547174,0.24093888218774304,benign
463.63877877861444,70.6417772570856,0.7407644044347947,malicious
688.115706944059,67.45048834854782,0.754446047397613,malicious
535.2055396514297,78.92882251070988,0.8777407352764511,malicious
135.8771127897981,8.250767684293184,0.19128228710485823,benign
139.5831346981468,9.567737332835154,0.18064501487627996,benign
110.82292947909875,5.890591061262766,0.23953127995813844,benign
575.5391225825756,58.17378737425075,0.8327879524159358,malicious
574.625356602722,43.09848796635292,0.6869930660959642,malicious
104.09370696931613,16.435447383320167,0.1876487149627002,benign
104.88380492744159,8.67015324642547,0.14417377800256706,benign
538.2409746184051,61.39267351711672,0.6832220448732065,malicious
333.05947188786286,78.31550543288029,0.8175211418908512,malicious
513.2969674146876,43.9088546139029,0.7805302703883319,malicious
98.36526259529535,13.520421572455975,0.2690727039345243,benign
113.05276360899447,4.0053979464036775,0.14640713834799224,benign
413.9586634716048,67.70400159854574,0.8975816719344709,malicious
76.82911535937689,13.952182196902978,0.1196220067815513,benign
108.56841405949852,8.62334721139318,0.17953587809434482,benign
111.61268485805017,6.030730619777505,0.2115350452859342,benign
181.62056519658177,9.6663218159539,0.11107062079967417,benign
125.75176336043299,7.894024936579734,0.2742058014267983,benign
28.492931101968367,7.288277075605631,0.21598259129594888,benign
296.1875464822146,61.00486075837308,0.7004184605209771,malicious
132.2687974792574,6.8655724179368995,0.1234446248722139,benign
364.83153943836663,70.16812979296361,0.9573019725214857,malicious
511.422764866204,64.97970495853522,0.8625508016831036,malicious
60.83733538318815,13.568411466773922,0.20509281476309935,benign
43.76789540810654,11.66869002820198,0.27689659592062765,benign
104.35235341190857,5.330254304020746,0.2307885574885571,benign
140.64310594194802,10.80217694221571,0.23252250462680696,benign
656.5524029234341,76.51439452497857,0.9578118057562185,malicious
444.10781527284115,22.045687158805052,0.7883770956878042,malicious
90.38195176094388,10.451256715430729,0.2370412172710063,benign
142.6216667398112,14.885189869385615,0.23431592284783506,benign
111.60249686788181,5.5453060946502895,0.2548576355876848,benign
452.23425532348836,16.17974274758089,0.754269834491321,malicious
42.85148510846884,14.092421289921532,0.2243936142435537,benign
128.54452553465836,6.268410293826145,0.13747961330151415,benign
509.9332305429226,44.63719763506192,0.7770200369424807,malicious
112.18436057459562,10.009138060460243,0.2210486472194695,benign
134.5071995855556,13.589714504993474,0.16853683031536057,benign
130.70833500217125,15.00971351305422,0.16183569479107093,benign
80.74588597918418,11.187410600312226,0.15664348921445498,benign
74.91214782077317,11.29012494157321,0.13896437870429207,benign
479.6954613957007,64.52687849729199,0.7435225995829058,malicious
440.7606075761131,70.44581171185072,1.0949094425308725,malicious
496.23652975751514,51.97007721069116,0.8367649292991421,malicious
541.3434903223701,52.758847167269515,0.7375654610286776,malicious
496.5315112613219,50.81343938039343,0.7756616020624982,malicious
78.96773386173204,1.3112338654189326,0.1548974222821245,benign
50.924567447602456,13.63929309993755,0.14563770305685989,benign
125.24936394902286,8.254957258154068,0.2988220292257743,benign
138.73170267146685,9.832692767026883,0.20994740733982473,benign
141.1030079997245,14.152818455531555,0.1594571244394831,benign
607.3631749859773,30.310502844363185,0.728116761239127,malicious
123.10517371316354,10.425150740919713,0.14570874355574073,benign
312.9208078974144,36.56181214670186,0.8858451116656666,malicious
45.92259981928025,4.717573564057672,0.1977294391033881,benign
152.69010260174514,11.629894087109165,0.13533635210644182,benign
495.0536290347567,58.07193732841604,0.8295624488747095,malicious
567.4819492166604,31.772264317535413,0.6483357450579209,malicious
574.3264094022715,69.23051226019581,0.9481663402462599,malicious
96.35855436715636,9.326100550008926,0.18666738353827927,benign
22.46682844669337,10.964071646350819,0.22192378694048637,benign
51.26591648863393,2.5017828553792807,0.1444271021531484,benign
384.1635310807457,67.6962813014594,0.7039953704720536,malicious
98.67430622753916,10.652298619539168,0.1918603546963853,benign
69.96806550405975,11.840553918191251,0.2104829707637313,benign
519.6521169701471,67.81683642569007,0.7471022291935985,malicious
30.860013451783203,11.777580847603549,0.21700256472844454,benign
587.2457328280145,54.125271488673135,0.7533504620771803,malicious
253.94404042276187,7.3375234665937,0.13306971001383755,benign
457.90155191797373,55.93314598436147,0.892427013953783,malicious
504.8084946661382,83.14865292408284,0.8606850593215671,malicious
184.35708175362822,5.423031056289716,0.20126942102712053,benign
257.61206733710435,74.21289693184286,0.7153684022534265,malicious
181.4307772785646,9.25392662144936,0.19342637021641662,benign
84.53938120743928,13.518187057778094,0.24371945903563638,benign
-6.194786215490339,16.471924639796512,0.21718939407749427,benign
502.8318376130461,76.14010707897897,0.7640370327547538,malicious
96.86604513634141,10.92649903779689,0.15419040422593788,benign
64.00778958026457,12.650979812460017,0.2560515333662236,benign
29.384814933235432,11.27249783920575,0.1380370802573264,benign
455.35663854494715,57.47784272122816,0.8098067539538945,malicious
487.4213079900352,79.2152454260267,0.8697903272539028,malicious
88.15906966299956,10.836982486671406,0.1966933692687089,benign
52.222977969978714,8.881500543724698,0.28596889531036485,benign
23.294291463218883,11.367663316244823,0.14387275968777932,benign
570.8356447299353,67.01539757648149,0.7770451344639653,malicious
74.65284123144352,13.571938824359023,0.173698257866621,benign
588.9630795623438,49.212700211363696,0.836873314731752,malicious
448.8784323568815,76.20072098571973,0.713891208982643,malicious
-30.987255204487212,12.98880045834142,0.1691174052282825,benign
583.5692112065142,59.58727642424046,0.7290420145250828,malicious
112.24832855543613,11.31081450923905,0.22460094239963999,benign
134.30257299992195,6.69037490283495,0.19689044915003445,benign
399.1913689082596,67.73908826556149,0.8651136241823657,malicious
547.1468357135996,38.4258303252395,0.8789056687375519,malicious
587.7362290575671,67.74267430672438,0.8093372374276652,malicious
426.9069960058081,71.6949079840401,0.7415382269342801,malicious
73.51198981164806,9.22287356253789,0.17733757954884935,benign
75.73182260854483,7.493958840220728,0.3049860894583258,benign
49.6991309250149,10.193423244430361,0.19972019905854768,benign
701.020453876635,53.83778568068123,0.9228980502489063,malicious
47.03932390555242,10.063814730208184,0.16547294738418705,benign
565.0201177958661,64.0369041186766,0.8640479795200824,malicious
80.39459234339212,12.197920231646737,0.2519555893710135,benign
106.01478158559495,9.031960483473593,0.24056982772457963,benign
39.29056936061339,4.073600300938386,0.23343708277962566,benign
620.6508966508356,68.41379171911858,0.7712552480599645,malicious
444.4800473306802,41.55675608321375,0.8869154592496897,malicious
46.884814313694754,14.841133807175941,0.23364306179834102,benign
593.8283805975998,88.5178602862951,0.8183834516322505,malicious
351.44396269630283,46.63211661877069,0.8814151762118267,malicious
527.9021525770339,51.859893003989676,0.9848608833296412,malicious
14.343273545456128,5.9586211314109105,0.15390700934373436,benign
598.4322398476584,59.50155014033309,1.0218780233448135,malicious
398.78956247398327,54.97837001840189,0.9699957374576381,malicious
422.21833124091245,55.1651929618299,0.6037374308327421,malicious
616.9295590445672,58.35585294111254,0.8215396505456288,malicious
557.2582781356159,48.82646032790326,0.7844740951175252,malicious
96.27770421169164,15.742094061600358,0.23015937155411717,benign
366.46556412898985,58.75341641056958,0.7350234773151734,malicious
87.54819802218108,11.944841301531577,0.2360781252563072,benign
348.42558850027683,72.16212409739673,0.848387665118804,malicious
528.5865390724905,75.48819306512486,0.7161414201552769,malicious
659.3186626639397,88.09946664326318,0.8409762795959498,malicious
94.21758588058798,13.236042500293888,0.1737955801032704,benign
644.15686206579,53.14355615120592,0.7691517211544181,malicious
124.89991456227249,15.13512544042703,0.17258563517546996,benign
112.87751953613822,8.128693117912585,0.18356907621255078,benign
681.2448557996929,68.27228064060701,0.7803533416571903,malicious
89.8903673783053,11.424094698639859,0.24438277129369182,benign
625.5756125573521,36.282139469518,0.8915390275560162,malicious
606.6674689589154,53.45421164210147,0.8768207216631738,malicious
165.3571377141214,14.127120439934858,0.20254438509280093,benign
536.8673308872901,70.45431606766104,0.7954487754698758,malicious
76.54121739476476,10.554040917594726,0.12751773901507352,benign
524.9383683710755,69.57076652161136,0.7269043724284527,malicious
59.886136538919054,9.581231115534479,0.2562717392207385,benign
469.08278765313605,36.23796085491765,0.6223753666533549,malicious
447.7276979480961,65.25945148910338,0.8386808520689203,malicious
170.13971554680495,11.916190666087553,0.19903698101328027,benign
155.97874557172884,8.687625099029768,0.23464593115158056,benign
537.7300493044852,49.07995588156298,0.7508097552493795,malicious
142.48010485105124,12.515472323354926,0.1595867139179537,benign
405.06011111680573,67.66803899287471,0.7926052434391608,malicious
632.9152530132432,64.28331112286486,0.73914102767603,malicious
572.1672064043235,66.05595135504915,0.8679142775438196,malicious
603.7539944257899,24.55601346687242,0.8848430882205285,malicious
97.22261505516906,12.204633358149453,0.11967114496306604,benign
49.87353176810956,2.2268731235652703,0.2130625265616928,benign
53.108748004243864,10.121775073611648,0.22362031389401887,benign
432.360769794073,57.03992369539011,0.835250496835688,malicious
103.37592407050545,11.52350726886887,0.13367639358444586,benign
38.957817501448886,14.721960289870099,0.33798300194555386,benign
448.3955271782626,59.090087792780686,1.0693033663980498,malicious
549.2451264008149,44.58487288611063,0.6902697472367156,malicious
55.13728142570842,13.65628555509195,0.19642003740709668,benign
490.394010027535,35.97051282154247,0.7368422270834669,malicious
752.6932425873622,74.47277449646187,0.5761768766675028,malicious
80.73432015691199,9.072650607392497,0.22312956464269756,benign
517.7701000933254,38.90523804492249,0.8874517074132523,malicious
71.81377235980126,10.511248667126463,0.16698394302632766,benign
64.2824290986816,13.029451268027902,0.16918192959802614,benign
557.0598668593159,45.6084114491478,0.7686470313827602,malicious
337.2457562116837,88.26879458901914,0.8420094490451842,malicious
548.9374561227918,64.86538922582405,0.8731870704288296,malicious
330.75353702851805,67.27099225941713,0.8296575545140762,malicious
85.04963247670663,8.715654517102262,0.2601942218584408,benign
400.1645959261209,61.62839558664785,0.9625958915362064,malicious
92.88102574893533,14.50400095586646,0.24148662089395873,benign
175.11785260480139,9.498634858640765,0.2112653961020471,benign
496.50115095030384,92.5641407624672,0.7966387435296287,malicious
280.1194043379918,58.410774685437964,0.8955300558237753,malicious
33.59069755507848,10.673355455679916,0.1987212843904003,benign
434.9357430878173,57.447230662126074,0.6914849473442202,malicious
554.3360192379935,68.73146555202923,1.0985259002603411,malicious
442.9253706250524,49.94069686385033,0.7486803635486604,malicious
98.20869804450243,10.230465673180767,0.20443287954807188,benign
448.2711549899628,58.031145493615426,0.7721116605849244,malicious
575.6988616645352,57.256553383427395,0.6123447293958126,malicious
129.75785127184568,11.589078263070192,0.23894682517560573,benign
365.1814577894287,71.08215721331254,0.6941092412943399,malicious
132.82768043169148,9.025505849474133,0.22788455303625624,benign
139.3542301871226,16.872827717772225,0.21232523892160027,benign
92.64713092489306,8.988742086645882,0.22876025080532833,benign
616.7782061659807,46.830261198651584,0.9870965175371783,malicious
328.98316073433745,56.106799836241244,0.7494253295738064,malicious
559.0654830692309,52.89240979393626,0.7614978188287137,malicious
137.87538550236525,11.184014589468944,0.2018968917723801,benign
88.82686073370746,7.031115590288987,0.08940690443352467,benign
624.6085192497629,56.416018512454585,0.7303228181570426,malicious
563.2407739055521,50.66025957398322,0.7823225836884218,malicious
83.27493820795257,6.32817919971323,0.20521779687616065,benign
203.03739624409934,11.614888237148898,0.2523658853310724,benign
137.3646802561631,9.475120729913774,0.18080143640238244,benign
525.4420843301214,47.5967946894021,0.8389614177370904,malicious
147.96354130426033,5.159315806369777,0.22508913680837728,benign
125.96732571205861,9.954070452481014,0.14853142459089644,benign
534.7581705361671,72.12086697421718,0.9341475915530881,malicious
95.54399802436058,6.10950415613246,0.23448539026225973,benign
532.6133022242118,44.995030130916376,0.9081766727672829,malicious
679.4557863517788,80.93525716184934,0.7090316583018167,malicious
644.0117215449472,61.34371021882873,0.7741145599630169,malicious
560.600995134564,56.38113518072186,0.9045088474084754,malicious
57.142122179185876,14.176006859033798,0.18212772885947864,benign
472.72764302523296,66.42460645811472,0.7215238091872297,malicious
545.6753219153784,107.0662280048999,0.7763444712781055,malicious
610.3301882016522,58.64200076543759,0.5899973492348376,malicious
559.3101257968384,61.89569369319618,0.8333859966568535,malicious
103.86841538238092,8.307257204027835,0.17534385888001142,benign
601.437006501813,85.65920058872888,0.8853975976552224,malicious
655.0500492814077,42.844106890190076,0.9904136589573007,malicious
65.35452023696729,9.703331040426573,0.2261257052632879,benign
410.53926977804963,73.42557471114173,0.7450459725404466,malicious
563.8592458777374,62.113293703668056,0.8473632076811455,malicious
108.72889064159195,6.839753310479032,0.23191959628041917,benign
107.51968932381038,10.897877741219476,0.16207523326499654,benign
334.51433281342304,53.94527305137005,0.9071543152234887,malicious
539.4452142378296,82.39032853439282,0.8327821172843086,malicious
104.84979824963591,10.169949774691322,0.22197506153101132,benign
29.626811281172237,12.80295973371782,0.15686121179784399,benign
545.9180079228437,48.71765391614125,0.6703883335750106,malicious
582.3170583961914,45.673161309759706,0.8190635591265025,malicious
105.8663691654391,7.304596054626888,0.35549592780026806,benign
125.72194170293744,9.247500950634858,0.1425868355623691,benign
564.084286126701,46.771880231584234,0.6758239424518376,malicious
447.71399728467316,81.16398569619405,0.7937995990633969,malicious
58.88898022167843,10.481721943149594,0.23494142101012674,benign
104.98256825438206,9.807584960221023,0.23576906577206222,benign
116.43755548298422,10.71636747707954,0.19261098405912644,benign
194.3092950605265,11.838321715187709,0.15496896326760656,benign
449.7945775647389,37.4554450740727,0.9472670675750983,malicious
478.6011155774491,56.8782471409119,0.7840954789599949,malicious
71.99094799015153,12.976127048609568,0.15009696863427935,benign
71.88562353795136,10.593732350387944,0.19030869306135983,benign
109.23169292661521,10.376729360414627,0.21219765989542502,benign
563.293181775551,63.90482758156831,0.8194107630953358,malicious
438.72113095156135,79.56510364317229,0.8408607307701768,malicious
74.82621729419004,10.986287230910442,0.23590928628539673,benign
83.89692418971622,6.317176554589023,0.2774510075747594,benign
547.2597482413044,35.75534087345118,0.7469029102188036,malicious
442.63379931197636,79.75672601009798,0.6824405394375148,malicious
131.28336738825033,10.539682453460436,0.19049804824992528,benign
569.6206364813419,98.84345463027921,0.8902277173786648,malicious
120.64657271378121,8.835469544376313,0.20035315793140884,benign
397.8767182869287,63.8060949224186,0.7396019374030771,malicious
57.660314096579754,11.650156297073655,0.17853777898506693,benign
445.6575228866235,50.882670193583515,0.70516519957758,malicious
495.4413983644502,76.89075376158252,0.7813103841838016,malicious
716.3254723305461,62.1441464214556,0.9257149216862574,malicious
499.63974609094316,74.2968756806413,0.6345112563771704,malicious
115.56250772717681,11.258597331721083,0.2726630331660517,benign
429.68235748741125,47.35130107025712,0.8820344012612457,malicious
38.1524644560959,6.711174739314394,0.11995480107617423,benign
614.375404320693,47.84621344478428,0.9758620484195134,malicious
54.02878828830984,9.267530094128054,0.18229796445294882,benign
422.6210800896427,61.84005473992193,0.7395255335461788,malicious
544.4263311486039,56.11642539443884,0.8612468794013602,malicious
476.9065469791322,77.81079077347127,0.8015618333949603,malicious
583.0335816544246,47.5861466902692,0.7199961435602353,malicious
131.48144209618061,10.96509341858804,0.1248459849120091,benign
295.82651315757096,71.31436994720362,0.8602118320392484,malicious
454.0639100459756,62.64662332915838,0.6680752805401233,malicious
507.3317967188404,66.35398598390192,0.8941310580767484,malicious
550.0917187624381,82.70174614863197,0.8085893006293331,malicious
464.070790921294,66.36091566696135,0.9388337778208449,malicious
522.2133771633713,64.00689976517225,0.7919400250703239,malicious
455.4497478599228,62.529820079500915,0.7947595549422531,malicious
76.5262807032524,13.148658145958006,0.23296228342162026,benign
33.97716934578618,5.6798473522171165,0.15857514876098772,benign
119.20327244696537,11.988643806002237,0.28747919521027104,benign
495.9842049355657,57.07637579470978,0.6179396699451483,malicious
422.16952745976874,87.57275515192684,0.7514694164632132,malicious
549.331790088089,57.93827228058462,0.8195024984028128,malicious
458.47120860991987,77.22956024143073,0.8389159195667929,malicious
439.60148132841795,78.40399835826462,1.0088442772869926,malicious
111.20462409052084,9.918086381470204,0.17320992684738512,benign
568.1891489626312,59.603913645616096,0.5252495157274766,malicious
215.73292833367543,6.437204742911462,0.1820829923989389,benign
51.75382697099478,16.168621389820967,0.22860287208570723,benign
534.2725346377704,27.964886790319568,0.8932191564260386,malicious
47.114453552204985,11.941587819108223,0.22527350795833134,benign
86.2474151424178,13.589894459936954,0.2536489023883006,benign
26.073900481628627,9.48211810017754,0.15887900338088998,benign
562.1809962217196,48.86294121452927,0.7508846252857896,malicious
729.889812361925,56.627160272878825,0.7951102816525895,malicious
19.36420644051742,11.241397292354495,0.19093879133909486,benign
604.4160877069072,51.11303611270659,0.8457686586053552,malicious
524.3339449322692,59.229094146172706,0.636952675628486,malicious
485.56395880760573,77.09817841693568,0.8553251219984784,malicious
206.65166873281333,7.642031618476151,0.17677978688453064,benign
89.11593983863898,9.924919123764568,0.18396661872214043,benign
42.45032112888486,10.114010434504602,0.2900255590755427,benign
148.16880646221608,13.067711296028921,0.2790270343284187,benign
40.18966879596646,4.780858663665701,0.1948389123533752,benign
173.28243844607772,11.568506464106498,0.20299663151331643,benign
463.7161439560341,50.249961287648105,0.6594810153196425,malicious
198.23625664581948,9.584632048048679,0.20379776339580438,benign
103.70473902098875,10.8477398514649,0.18152365355833208,benign
519.5845255097681,56.64801026442222,0.9230874513154735,malicious
46.112761103534694,9.558993995114534,0.16997882171306475,benign
108.6590462925591,5.221018799404992,0.2094853083805198,benign
70.53176215278943,9.98178726538032,0.2042659071282512,benign
550.7274031107298,60.09633404716407,0.5869433520192799,malicious
29.90744686038596,6.570985261808549,0.18685545853958663,benign
236.00845832948093,6.689232048352688,0.2003399922279999,benign
118.0697802754207,9.859238263362448,0.24826987422955854,benign
161.8908155986731,8.029317163085812,0.20346721685181254,benign
423.2202434895872,64.30686247802737,0.7726006918170696,malicious
341.6097176514277,48.40683498264586,0.8543479378670094,malicious
436.26128726934826,42.095447523652794,0.6895137206937481,malicious
562.0672097550678,49.61368530189216,0.8479441518086064,malicious
609.4191518470949,72.79160512683329,0.7520507032600757,malicious
125.6633716556678,9.410950452745066,0.2726233767235373,benign
575.138712337179,87.81138849501282,0.7148593565739687,malicious
644.6977884353732,84.18330942383136,0.9738851351853332,malicious
94.3835975154585,8.258429650585832,0.24345780321946367,benign
206.10780985063167,4.018793072285634,0.12744121549742204,benign
44.68325129969859,13.446297101116311,0.2195232424964445,benign
49.35844398327881,8.045745989156655,0.18677425793446947,benign
533.7602662075202,56.602816621477096,0.7131707268123634,malicious
451.05605574817776,41.48476692180117,0.7393134822142825,malicious
76.71351232148716,10.592798814077199,0.1618637610716893,benign
519.1099068019903,58.39046783993657,0.6482826303328322,malicious
429.5656309457241,69.52082202842655,1.0012270445700766,malicious
-62.063367003453635,11.616267977339108,0.26178910959110774,benign
684.6636996047666,69.32357834784077,0.8324057028221561,malicious
507.15662372193924,43.9179148202159,0.9237438134684139,malicious
179.3008408072676,12.12432603006577,0.25970547015236867,benign
168.34371337222623,10.044064584187591,0.13094776984231127,benign
666.9021525289393,81.18330833123144,0.7781954104607627,malicious
103.79022790968632,9.359671387209376,0.12410631266595953,benign
481.50978635570107,62.69372672909397,0.9328933319535411,malicious
542.9618219132586,31.87241295531383,0.8595029465835565,malicious
115.36497604383047,9.129176367434045,0.27007992964732147,benign
130.51851327167324,7.7327645215214655,0.21251001031258474,benign
392.99152336738473,54.45584495934549,0.6852308610184333,malicious
40.83707436671125,10.922220093427303,0.22823029629468003,benign
627.8451862607299,65.54463288297141,0.8329508735573009,malicious
120.08558610494707,7.080793177355334,0.2556344187494963,benign
97.02373219690999,10.228016174237235,0.2202147377480849,benign
505.9218434014488,55.56897884791456,0.8854525227066616,malicious
496.6873027126203,79.65463119179412,0.7968941067129098,malicious
19.67768398712137,15.180891553700215,0.29962576765840593,benign
583.3922154548904,55.36186384425205,0.7230003933802543,malicious
60.373963078364966,8.86261677703754,0.20529472265576174,benign
99.38766135765427,14.592252497031092,0.1853016526167909,benign
130.5838144420434,10.782021297471722,0.18481369856116678,benign
139.55159735215233,13.31657779887395,0.3206307710806458,benign
64.61652671906097,11.257057028098135,0.17896191031594735,benign
278.88646909921147,59.465377765537745,0.6888032974225837,malicious
519.4089992898307,52.91864133454309,0.9295871781863014,malicious
530.7801768892059,67.69658697264124,0.9954157433750287,malicious
360.1432426180859,47.72701674866539,0.7668691616816677,malicious
377.7872191108055,42.31440313260296,0.8335058029084118,malicious
132.5695625652899,12.684773130833324,0.17739548335834598,benign
356.9224897881952,77.00655145300597,0.8270057358391423,malicious
473.01250647066286,69.28731391507796,0.7393299705234704,malicious
433.7376241054153,56.60273851725252,0.8367481665474304,malicious
72.3175347326409,13.869258262248238,0.2249842555151467,benign
100.25567283212304,12.748983024107444,0.12231206169919678,benign
598.2690983945514,43.9829561763121,0.8342337834489622,malicious
152.85611131094578,5.270823529047252,0.1995349839430693,benign
115.07736711668062,11.094883007398677,0.17433932167642074,benign
684.6707325736033,64.2024173822941,0.750026982384837,malicious
66.14191442439441,14.472178410549855,0.18214853995966954,benign
437.30329422122327,61.848072101767286,0.7483570356112429,malicious
371.0039100258946,90.93787378864718,0.696747609647246,malicious
207.65912287557782,14.413510982480826,0.25586994079512304,benign
679.7686526849523,59.6021811112641,0.8257752540142751,malicious
140.67548180003192,11.673430919055587,0.22488715445456972,benign
471.82153911394926,60.28274434417271,0.7633492979631948,malicious
584.0643548988724,69.83851164794642,0.663168496116719,malicious
515.0301761461877,62.857495196685996,0.8885231482988991,malicious
524.8220586300336,70.39658410894717,0.7374322712503788,malicious
72.78086377374086,15.182629510302135,0.04902439220895874,benign
502.6885838994531,66.47883817010911,1.041167667557842,malicious
100.62962003908974,7.200196122780412,0.11463210212035267,benign
67.3335383713144,7.690080306824075,0.1334843187130505,benign
461.2298440064016,35.062620179464886,0.7692191528861116,malicious
105.6758672625624,10.400622714346847,0.11370966356047017,benign
85.41531251033616,6.931622304404783,0.17541819071839765,benign
501.8433933065393,51.96054832328928,0.9011463035408357,malicious
75.78829635668743,6.371076943926384,0.2181815941312484,benign
76.96806145201063,11.956968635240258,0.20001035324590988,benign
118.08180125238171,8.596896396064325,0.27113740680499704,benign
113.83453996650096,7.7381062333999715,0.15824285491849885,benign
745.5300139910894,47.007377276782485,0.71627375689503,malicious
173.89470223707582,9.035094846347853,0.12780725919332292,benign
539.913611435207,72.71132515725633,0.6600693825198058,malicious
102.2785919951907,9.735153854946235,0.10149480911440822,benign
36.95580228324774,10.99264069664337,0.1936225439811233,benign
103.01151049705132,12.610203192066262,0.20204595876978607,benign
409.56833748955916,43.205738500664836,0.6869111564674084,malicious
76.40340671052833,9.444137023366874,0.16753134808392872,benign
106.53702886430457,13.708279525631312,0.1959238663449177,benign
455.57067399238883,60.31190561513112,0.9200078956426861,malicious
141.09512521876118,8.518730250516063,0.18419635719864752,benign
101.05019208163796,6.064491302949522,0.2210793305307228,benign
33.988339648967894,16.04016174257987,0.12517353724549607,benign
442.32286694316673,58.75978971235951,0.78745457399971,malicious
756.0084538268795,61.13150458352389,0.88953554307626,malicious
492.5566570899954,53.5604666322411,0.7938235800139871,malicious
414.16422198187865,84.18417386982968,0.6869384665062475,malicious
114.8492336616593,7.459115955045016,0.11784055944229165,benign
110.7046872065102,8.195897068146358,0.30121548116434266,benign
378.8983800237543,57.78596120551997,0.7081313488513906,malicious
89.59388748213624,11.165735813592892,0.28694498318987893,benign
125.20232577589222,17.805049342541185,0.16421200054446242,benign
437.68594735752356,50.30659035234295,0.7451731205074923,malicious
481.60166636473207,76.28973174262549,0.8003695671847848,malicious
62.575673172172316,12.783520384243712,0.2135747655412824,benign
147.75711602506192,15.106644833905714,0.15840888958847776,benign
482.30527725059505,43.41442997271096,0.7362692252971206,malicious
26.82425259339408,9.757850259674253,0.19621178567322703,benign
20.278617060281647,6.859267051954181,0.16391312233313735,benign
684.8956094945345,68.69449759820364,0.709224381985308,malicious
120.20254284072692,6.880282218623408,0.2821336476627982,benign
118.32991230484241,8.41414995475073,0.2147112064506747,benign
61.63262185559753,9.372028968544402,0.27242496149464634,benign
634.5420046154977,49.97783871691509,0.9410459145203505,malicious
446.91312270796794,84.23374235322348,0.5879299847364934,malicious
156.77828200902994,7.921284406612278,0.23022576631776837,benign
128.03922631841172,8.711783376624242,0.19045481041363507,benign
315.9125768668355,58.433261721937924,0.8414865500361911,malicious
471.8899707114045,76.05225357474642,0.8077480518518863,malicious
375.5345296688583,84.3701768770434,0.5794433942900932,malicious
148.57854754771776,7.482370997982981,0.19782615250930688,benign
444.7776955719029,64.33040443919785,0.9179725208360711,malicious
518.6609123156359,50.68728602623326,0.8668654804757907,malicious
572.5766623898692,48.72313424857224,0.808199555641356,malicious
129.41586032422882,11.523973980737631,0.18742305569777523,benign
355.19860995837564,53.0203431482992,0.7110759171771677,malicious
64.89734530613238,12.18288863091094,0.2311103572021701,benign
176.15149282040127,8.059189666883277,0.184601923518048,benign
522.3884024279131,77.22668563795132,0.9455822322146767,malicious
56.93578993358682,10.55365390959111,0.27218160017344073,benign
457.311893005258,75.44941226371742,0.8311308673442885,malicious
89.32764241440763,9.32570379432195,0.18039936800404352,benign
50.71369768322281,10.722259538465705,0.19664108549753226,benign
496.7246729784002,28.172176514871083,0.8597228218253385,malicious
96.1449145292948,10.312603311855629,0.18400762383725783,benign
70.03036772779889,8.536265775562892,0.15214245425524786,benign
565.8544272672831,43.63550354677203,0.853481733634591,malicious
649.6044311489184,56.21469746810568,0.9274875041278723,malicious
667.6437312275283,41.18565865246126,0.6551408585366456,malicious
87.55179257604632,8.905141811371344,0.18853046279659863,benign
540.8252755714472,59.708705911684014,0.8562880860174356,malicious
55.80712818994335,9.941086603219956,0.2212943603096518,benign
497.5874912889997,79.7639630341194,0.8890247500836509,malicious
133.97988744673378,16.631569004774054,0.2503756844918461,benign
48.237883879031294,11.143475154648334,0.21197022502676888,benign
568.1500697372625,48.05961214794766,0.6214133508065889,malicious
141.27081744940148,14.170622647051939,0.2115035379595701,benign
129.34285469001352,14.900294596903288,0.20112329464060233,benign
82.86427417366153,16.265124114342182,0.1565168459362653,benign
101.22550871294713,9.481161820229731,0.19220509110316664,benign
556.296923669057,59.94938313883572,0.738776326549225,malicious
563.2781866106285,44.762672715324044,0.7946879346982455,malicious
342.97752801095436,40.19966233168941,0.771512450663033,malicious
451.23937759275066,73.70376939349875,0.5364252260983122,malicious
67.67135578787367,5.7449028012009045,0.1806434675105243,benign
117.88936801741417,10.375673507943722,0.29021740548933717,benign
40.43482513986757,12.945296460974783,0.26408218975018843,benign
55.52427851872383,12.276785769360295,0.2493667258294551,benign
538.0197851005963,37.42919438953497,0.6796799144610856,malicious
520.7687687163111,61.72539118721126,0.7442576946891679,malicious
177.496720250877,12.892261504865072,0.17131991135515495,benign
518.4836123694874,74.29311820804408,0.724171793111241,malicious
570.7751935455475,60.654036695586804,0.779414056911966,malicious
92.41074524822083,4.49138388069011,0.23916952546412978,benign
37.7130610644006,10.959345802427611,0.13184129977035947,benign
-1.2571293328803534,15.033102442229321,0.2007136533918217,benign
679.5877673095522,33.772020401427284,0.8681359510442949,malicious
38.10922505865755,12.870106950383752,0.15094172344301593,benign
547.1415556386404,56.24930228101571,0.776947537481975,malicious
475.876394214367,33.40451297689678,0.9205994516546816,malicious
560.7896509716539,48.183243721376414,0.7824436054500785,malicious
24.257638765706773,7.094966635409094,0.229427663488536,benign
442.8821010217203,57.553995540843545,0.8334176417244898,malicious
494.30543762789324,53.46770444145235,0.8123547695955583,malicious
123.66188122867725,7.052537819385071,0.12880214237749277,benign
452.1251378336523,67.63087534844901,0.7166943942999242,malicious
523.421473253652,65.42255287809152,0.770016180372512,malicious
469.2221765046999,85.98772499227638,0.7464664912983777,malicious
65.01372460037072,9.372930228141925,0.22411244763403287,benign
167.69361870827066,7.085157884468045,0.14980213139592508,benign
71.6851135198614,7.7371724499419265,0.25571608473344365,benign
645.3384477117701,66.62910974354114,0.9704105516255492,malicious
111.37299673020647,9.107309489920024,0.20823804206182583,benign
58.965884082414476,5.063803759129325,0.25700745192606334,benign
502.9756139495745,60.319674730079136,0.8301107339191742,malicious
99.04918960486556,8.270468797819841,0.26059719926932,benign
140.6262911197099,8.912677175790604,0.21326811746998142,benign
11.847992231863302,14.140274062442355,0.20775953419294896,benign
94.56199257715713,10.35874110524246,0.12388204068910545,benign
157.9055436750034,7.181993818543737,0.1454149561930343,benign
112.99413971242117,9.48078452714839,0.18883988726825976,benign
58.0139078909612,12.033777614017808,0.15181205368946946,benign
134.0976485647482,6.804659010773882,0.24194702502348062,benign
420.17027554615464,56.77618454566897,0.8458386703551485,malicious
84.94481522053556,9.884474591497879,0.2076177436016861,benign
-1.9616088880050313,12.44721163761789,0.14901678306539423,benign
54.53062726026305,13.56109091668114,0.23923021439490122,benign
544.0014450053333,99.66515020525551,0.8876046792529795,malicious
494.4415329089545,36.552137869550144,0.6862314329575183,malicious
460.6661187672639,54.99270765365985,0.7575763666601957,malicious
58.72514016037442,8.159792009377181,0.2250332860690605,benign
158.96485920319134,14.585405279237595,0.21953479604640722,benign
407.6766753889096,19.451515605011444,0.975547569831549,malicious
99.60136793416913,8.344425562322659,0.19930811269528814,benign
582.9405581183489,66.9964497365029,1.0620793091029976,malicious
54.59879622393945,9.038958075417039,0.23177090151046134,benign
94.27300773736911,13.601241723833276,0.21036336646994722,benign
558.3928185325964,47.85594720117531,0.7473752143482579,malicious
458.8123033877533,65.51048260224267,0.8534629086122436,malicious
73.71224891596195,8.182855230989984,0.19756738242147745,benign
502.8744822934818,77.59686956379961,0.7430167071761242,malicious
112.0981135783017,16.225782617875797,0.1615428825106351,benign
101.76317759858642,6.327105291131903,0.23713412091798614,benign
347.44748290752614,65.6565059085328,0.8085209449633901,malicious
188.27271201405483,10.701357735372243,0.19054398046114834,benign
544.7708560017315,63.348583711937394,0.6893706487588366,malicious
193.80854196079432,14.684533590180557,0.1537883427865848,benign
139.09114358886552,10.046737142744403,0.27449317193010414,benign
605.364179660784,32.54050654715314,0.7849162288433306,malicious
53.00601068363224,11.75909205626528,0.18827960998418392,benign
501.84183791895515,71.9139701943274,0.8038237994960029,malicious
669.6456368290038,45.38206042994038,0.9563413358832109,malicious
71.15481721687985,7.73974638896145,0.25176246673618763,benign
333.847993773104,33.473409516557226,0.7073618870018462,malicious
88.2923312638332,12.09466994084077,0.10531926665231073,benign
603.1844539468635,55.97204028141252,0.9832557043479202,malicious
105.54612948549331,11.308971009022097,0.20919247723768475,benign
61.35873927312141,7.979528127268394,0.17816401319797023,benign
46.61897853087028,5.734567999774469,0.13502093815362012,benign
526.7050265869259,27.722768980060422,0.8482066727335387,malicious
464.8486515958691,52.06420983980558,0.7765379430042587,malicious
291.8070592116278,58.010493804261394,0.7648585764286268,malicious
88.29315215254097,11.18045615626525,0.21066468536864694,benign
148.77725635611796,8.888157003741682,0.20967949556837723,benign
359.24883052821787,84.23063534204162,0.6991445315923792,malicious
39.98517964721119,8.052167364801978,0.2808606287484312,benign
116.61570059897959,8.06944530885957,0.25088307334217513,benign
402.4126747022667,50.188864753088644,0.7534194430881838,malicious
77.99777566515081,7.7934101722307005,0.17479100844961643,benign
391.89434595917373,63.19794942356533,0.7968560829625224,malicious
504.8521627944827,61.32610329437771,0.6648925633791979,malicious
640.9347440185579,61.15277824438152,0.8845157971184322,malicious
757.335980324986,65.07725765192536,0.7342165446147864,malicious
34.776524974757336,11.199063855257926,0.17485126147243285,benign
176.90182832329845,11.431122481669364,0.2618065360903109,benign
66.9106767615806,11.706949237555826,0.17964818435366098,benign
319.51178993354813,76.33122929556279,0.8482687887209213,malicious
79.93897640570819,9.52441128091909,0.27668638549582497,benign
157.9297789503702,5.831282599709212,0.22491108742483928,benign
597.255444962673,62.91911182855864,0.6451381701136254,malicious
152.92122434247938,9.336239129242685,0.25621766799352513,benign
414.3916174091133,61.292158245695624,0.7936475425384646,malicious
126.94550218423294,16.018278664477368,0.24066025933739887,benign
436.2260015748684,74.54185800790106,0.7392124739324183,malicious
120.63904634682491,17.319257219017818,0.14924529040860657,benign
501.3929291912946,62.52691464404421,0.6908066099604687,malicious
473.11113094451696,62.91576452366004,0.8510792088527596,malicious
407.78346758223745,80.62314628722277,0.8619711445966136,malicious
525.9722501721482,52.667258673205886,1.005654356482954,malicious
555.979044793104,61.23659629401755,0.7512797078805074,malicious
475.9674601841865,53.03074054052411,0.8469267589808527,malicious
604.900922583689,67.33780695221495,0.9090980425185967,malicious
138.37173645764545,11.905515405045909,0.15914556844659047,benign
125.68929754561044,8.011297247347155,0.217780667439283,benign
565.4365656354057,55.62283096626684,0.8651521991339506,malicious
675.2270443423622,82.81974077883677,0.6435197228637946,malicious
88.71118497567322,8.278899988184262,0.21386884689790958,benign
125.7523843153024,5.792184184600919,0.18434709847384229,benign
148.75598667088755,10.446002371606335,0.24451915817598932,benign
77.49672642603781,12.98814305741745,0.2836726045149269,benign
168.43157787661744,4.1009302318719945,0.22571273780089177,benign
561.5935606944264,39.81030479629877,0.7865503215598267,malicious
144.08198784747253,13.787752310281547,0.10401634219011718,benign
77.67425239664894,10.31612651843788,0.12009378240581263,benign
442.4362173762226,84.59946794057089,0.8629529584221811,malicious
399.5859233247932,74.29704950869868,0.9562888768508199,malicious
62.0433669223151,12.226286116027921,0.20163984977057933,benign
4.061439235047928,9.42795279770996,0.17279429989429038,benign
527.996862631982,73.24664665720738,0.7798508466052483,malicious
484.432276460792,56.94489374734551,0.6120075614860956,malicious
69.98915614206027,11.179953518183115,0.1425602982420672,benign
14.830878032242268,11.472924854914755,0.17816178813808914,benign
483.28819196831455,56.11805905999346,0.5915887060501412,malicious
415.01556305352085,54.494582413750166,0.7797019362604344,malicious
416.7644426895771,80.88697950096493,0.7282081109252398,malicious
467.39764678321586,73.26068094541574,0.8255383755674317,malicious
552.9804177915282,84.91888821821806,0.778298294957563,malicious
76.25273444195219,10.102250404777678,0.1550607975838436,benign
462.85591340042083,46.163847232522464,0.7461158143807263,malicious
176.15620386348286,14.626329857703627,0.13717465528603717,benign
469.045356068601,89.08393498587427,0.9431366781831184,malicious
578.5800158650832,45.42514898188071,0.8264020081333671,malicious
374.8886423614697,49.83382544212723,0.6687780806568594,malicious
602.9155637325644,71.99912852913076,0.9987061111699442,malicious
744.5751979616826,57.29280129614062,0.859879438956191,malicious
94.6484820022721,12.260024863313598,0.17099733793149785,benign
687.6795812558066,45.70007087611931,0.7815474642344151,malicious
610.8703580582908,59.78321593682581,0.8382988984740929,malicious
402.1627222384968,54.760248058227035,0.968501427870851,malicious
30.994927089255427,14.822036728059977,0.24130235857207533,benign
